{
  "test/integration/opaTests.qunit-dbg.js": 1716213781043,
  "test/integration/opaTests.qunit.js": 1716213781043,
  "test/integration/pages/RisksList.js": 1716213781131,
  "test/integration/pages/RisksObjectPage.js": 1716213781147,
  "test/integration/FirstJourney.js": 1716213781195,
  "test/testsuite.qunit.js": 1716213780799,
  "xs-app.json": 1716229969241,
  "manifest.json": 1716222738980,
  "Component.js": 1716213780727,
  "test/integration/pages/RisksList-dbg.js": 1716213781131,
  "test/integration/pages/RisksList.js.map": 1716229985383,
  "i18n/i18n.properties": 1716213876002,
  "test/integration/opaTests.qunit.js.map": 1716229985394,
  "test/integration/pages/RisksObjectPage-dbg.js": 1716213781147,
  "test/integration/pages/RisksObjectPage.js.map": 1716229985385,
  "test/integration/FirstJourney-dbg.js": 1716213781195,
  "test/integration/FirstJourney.js.map": 1716229985396,
  "test/testsuite.qunit-dbg.js": 1716213780799,
  "test/testsuite.qunit.js.map": 1716229985387,
  "Component-dbg.js": 1716213780727,
  "Component.js.map": 1716229985387,
  "Component-preload.js": 1716229985471,
  "Component-preload.js.map": 1716229985471,
  "test/integration/opaTests.qunit.html": 1716213781039,
  "test/testsuite.qunit.html": 1716213780811,
  "test/flpSandbox.html": 1716213780731,
  "index.html": 1716213780811
}